<?xml version="1.0" encoding="UTF-8"?>
<project-private xmlns="http://www.netbeans.org/ns/project-private/1">
    <editor-bookmarks xmlns="http://www.netbeans.org/ns/editor-bookmarks/2" lastBookmarkId="0"/>
    <open-files xmlns="http://www.netbeans.org/ns/projectui-open-files/2">
        <group>
            <file>file:/ice/Downloads/Dados-master/src/trabalho_oo/Terror.java</file>
            <file>file:/ice/Downloads/Dados-master/src/trabalho_oo/Cliente.java</file>
            <file>file:/ice/Downloads/Dados-master/src/trabalho_oo/Aluguel.java</file>
            <file>file:/ice/Downloads/Dados-master/src/trabalho_oo/Locadora.java</file>
            <file>file:/ice/Downloads/Dados-master/src/trabalho_oo/Paga.java</file>
            <file>file:/ice/Downloads/Dados-master/src/trabalho_oo/Comédia.java</file>
            <file>file:/ice/Downloads/Dados-master/src/trabalho_oo/PagarAluguel.java</file>
            <file>file:/ice/Downloads/Dados-master/src/trabalho_oo/Ação.java</file>
            <file>file:/ice/Downloads/Dados-master/src/trabalho_oo/Funcionário.java</file>
            <file>file:/ice/Downloads/Dados-master/src/trabalho_oo/Filme.java</file>
            <file>file:/ice/Downloads/Dados-master/src/trabalho_oo/Romance.java</file>
            <file>file:/ice/Downloads/Dados-master/src/trabalho_oo/trab_OO</file>
            <file>file:/ice/Downloads/Dados-master/src/trabalho_oo/Pessoa.java</file>
            <file>file:/ice/Downloads/Dados-master/src/trabalho_oo/Fornecedor.java</file>
        </group>
    </open-files>
</project-private>
